Dataset,Architecture,Shielded Mean,KKTSTE Mean,ΔRMSE (KKT - Shield),t-statistic,p-value,Significant @ 0.05,Cohen's d
URL,Shallow,35.14603,626057.2086,626022.06257,3.820271,0.004088,True,1.208076
URL,Deep,11.68126,11.50084,-0.18042,-15.540419,0.0,True,-4.914312
Faulty Steel Plates,Shallow,1317448.55,1316926.8375,-521.7125,-2.417264,0.038784,True,-0.764406
Faulty Steel Plates,Deep,1322611.55,1322613.025,1.475,9.61332,5e-06,True,3.039999
LCLD,Shallow,7993.41684,8717.86699,724.45015,1.953417,0.082513,False,0.617725
LCLD,Deep,7920.08651,7901.47646,-18.61005,-0.978198,0.353537,False,-0.309333
News,Shallow,11705.05334,11704.5415,-0.51184,-0.58952,0.570014,False,-0.186423
News,Deep,14396.79423,14328.44443,-68.3498,-36.592207,0.0,True,-11.571472
