Dataset,Shielded Mean,KKTSTE Mean,ΔRMSE (KKT - Shield),t-statistic,p-value,Significant @ 0.05
URL,4.621997,4.239612,-0.382384,-0.681276,0.500755,False
Faulty Steel Plates,1318929.916667,1318555.866667,-374.05,-4.668933,1.8e-05,True
LCLD,9467.306402,11076.86085,1609.554448,1.061783,0.294865,False
News,12342.975883,12176.621713,-166.35417,-2.195867,0.036251,True
