Dataset,Shielded Mean,KKTSTE Mean,ΔRMSE (KKT - Shield),t-statistic,p-value,Significant @ 0.05
URL,11.70191,11.49944,-0.20247,-9.969068,4e-06,True
Faulty Steel Plates,1322621.05,1322622.5125,1.4625,5.966317,0.000211,True
LCLD,7923.06611,7908.56414,-14.50197,-0.819526,0.433652,False
News,14398.2873,14330.2625,-68.0248,-24.583173,0.0,True
