baseline_vs_shielded,baseline_vs_masked,baseline_vs_proj,baseline_violations,shielded_violations,masked_violations,proj_violations,batch_idx
0.8667057752609253,0.8667057752609253,0.9922592043876648,4,0,0,0,0
0.9156577587127686,0.9156577587127686,0.9955455660820007,4,0,0,0,1
0.8901641368865967,0.8901641368865967,0.9954216480255127,4,0,0,0,2
0.8258391618728638,0.8258391618728638,0.9948570728302002,4,0,0,0,3
0.9167095422744751,0.9167094826698303,0.9924126863479614,4,0,0,0,4
0.892556369304657,0.892556369304657,0.9870611429214478,4,0,0,0,5
0.7239623069763184,0.7239623069763184,0.9831660985946655,4,0,0,0,6
